book_id,chap_num,PC0,PC1,PC2,PC3,PC4,PC5,PC6,PC7,PC8,PC9,title,chapter_regex,book_len,n_chaps,kendall_sum,doc
1,1.0,0.07938007285594924,-0.011006974456351563,-0.15376307849254175,0.05110982119942531,-0.14216709578865286,0.11574821724157114,0.028414410008575468,0.16335087416391753,-0.11848353291482215,0.03112252189307997,Harry Potter and the Philosopher's Stone,^\s*([A-Z'\s]+|[A-Z\s]+)\s*,80277,17,1.5197038303860737,Harry Potter and the Philosopher's Stone 1.0
1,2.0,0.20110272495828557,-0.12466644500017232,-0.0643232055879425,0.021127203124336868,-0.009846283083346348,-0.06324898312879226,0.4172194775809021,0.1335332318066661,0.3377335908618904,-0.009047656994940156,Harry Potter and the Philosopher's Stone,^\s*([A-Z'\s]+|[A-Z\s]+)\s*,80277,17,1.5197038303860737,Harry Potter and the Philosopher's Stone 2.0
1,3.0,0.0773722340827683,0.01765849087133808,-0.25878591847402727,0.13014671734114774,-0.15142563250655805,-0.05172412619751715,0.24931179014619625,0.2447339733463555,0.0058714430501896715,0.039508306862941496,Harry Potter and the Philosopher's Stone,^\s*([A-Z'\s]+|[A-Z\s]+)\s*,80277,17,1.5197038303860737,Harry Potter and the Philosopher's Stone 3.0
1,4.0,-0.6829650830475806,-0.44057642139004677,-0.13237059049016947,-0.09331232253208156,-0.14378612280683847,0.07454954883219436,0.0467555349194798,0.08297586906400023,0.039604945541804805,0.1015925886192171,Harry Potter and the Philosopher's Stone,^\s*([A-Z'\s]+|[A-Z\s]+)\s*,80277,17,1.5197038303860737,Harry Potter and the Philosopher's Stone 4.0
1,5.0,-0.5246948100378656,-0.2686194031407962,-0.2084666769482953,-0.04191345843521994,-0.06698014070331933,0.13949327056045235,0.09968382986168607,-0.044513485088701926,-0.015652486747052604,0.08362704977268857,Harry Potter and the Philosopher's Stone,^\s*([A-Z'\s]+|[A-Z\s]+)\s*,80277,17,1.5197038303860737,Harry Potter and the Philosopher's Stone 5.0
1,6.0,-0.0013884250655798094,0.041745915692717184,-0.20694231924210038,0.27983538204698755,0.21062596475773698,0.41465674472229014,-0.00019564178847671435,-0.04075247306076906,0.16470765334037682,-0.08544570971012683,Harry Potter and the Philosopher's Stone,^\s*([A-Z'\s]+|[A-Z\s]+)\s*,80277,17,1.5197038303860737,Harry Potter and the Philosopher's Stone 6.0
1,7.0,0.001643993510083857,0.12987180627868217,0.07908354225276878,0.008598670164259126,0.24139368948339282,0.2560474916286176,0.01660927960151609,-0.08087530350958616,0.05759382877129311,0.19559444506095372,Harry Potter and the Philosopher's Stone,^\s*([A-Z'\s]+|[A-Z\s]+)\s*,80277,17,1.5197038303860737,Harry Potter and the Philosopher's Stone 7.0
1,8.0,-0.16769403597147303,0.2162817989399917,0.004338863531316809,-0.18440894107654052,0.1717017578365168,-0.05941100470553931,0.1636409489524758,0.150165758429374,0.07404878974181237,0.15164874734675635,Harry Potter and the Philosopher's Stone,^\s*([A-Z'\s]+|[A-Z\s]+)\s*,80277,17,1.5197038303860737,Harry Potter and the Philosopher's Stone 8.0
1,9.0,-0.08962513682232667,0.16990701276289524,0.2658255513646709,0.3019376845159785,0.05718545979895612,0.027592778848429526,0.05625935595187981,0.10298358290128004,0.001284773225515328,0.25212651701394995,Harry Potter and the Philosopher's Stone,^\s*([A-Z'\s]+|[A-Z\s]+)\s*,80277,17,1.5197038303860737,Harry Potter and the Philosopher's Stone 9.0
1,10.0,-0.10815633126752836,0.2212746745221505,0.22397964938893494,0.26861935579815377,-0.0742746285379446,-0.07998652741623145,0.0269104916884154,0.030901593630993696,0.04911608652175217,0.04809968378097049,Harry Potter and the Philosopher's Stone,^\s*([A-Z'\s]+|[A-Z\s]+)\s*,80277,17,1.5197038303860737,Harry Potter and the Philosopher's Stone 10.0
1,11.0,-0.15693256686776302,0.13273620389748647,0.25688547124343897,0.39795743227206226,-0.19460953806779535,-0.057378780908912685,-0.005235473879941122,-0.08162289723426747,0.04757224767299804,0.023856416513972255,Harry Potter and the Philosopher's Stone,^\s*([A-Z'\s]+|[A-Z\s]+)\s*,80277,17,1.5197038303860737,Harry Potter and the Philosopher's Stone 11.0
1,12.0,-0.023981270077117575,0.036271450088972645,-0.00880694270345873,-0.01118951958017567,-0.08197390935631649,0.09499716782524649,0.018242367253789384,-0.09212667602478372,0.027293851699209986,-0.048575210665748214,Harry Potter and the Philosopher's Stone,^\s*([A-Z'\s]+|[A-Z\s]+)\s*,80277,17,1.5197038303860737,Harry Potter and the Philosopher's Stone 12.0
1,13.0,-0.12159785590301174,0.16863484498394768,0.24070275610823072,0.3362888858146892,-0.16568721892537905,-0.02919607980356619,-0.04194551886231264,-0.14114070964732503,0.15363037689587772,-0.08864684600460863,Harry Potter and the Philosopher's Stone,^\s*([A-Z'\s]+|[A-Z\s]+)\s*,80277,17,1.5197038303860737,Harry Potter and the Philosopher's Stone 13.0
1,14.0,-0.42391752692733486,-0.22410503864308826,-0.035127042912580626,-0.017515591705294688,-0.07158683204616825,-0.03299849017975972,0.1685414246216333,-0.15958560707660185,-0.18368424038267406,0.0596512039009684,Harry Potter and the Philosopher's Stone,^\s*([A-Z'\s]+|[A-Z\s]+)\s*,80277,17,1.5197038303860737,Harry Potter and the Philosopher's Stone 14.0
1,15.0,-0.46171952775301284,-0.3320927594902456,0.131128019047435,-0.06359861458850777,-0.04806795483421334,-0.033089925685820545,0.016044136553966516,0.035675384941081266,0.0693358116424295,-0.21686992216033651,Harry Potter and the Philosopher's Stone,^\s*([A-Z'\s]+|[A-Z\s]+)\s*,80277,17,1.5197038303860737,Harry Potter and the Philosopher's Stone 15.0
1,16.0,-0.19417428999460457,-0.05023044505695469,0.1369684473110595,0.05143506887162601,-0.011312003353943105,0.014957660184017868,0.11439898368103901,-0.004624882781343105,-0.17087282172766413,0.11798998154761112,Harry Potter and the Philosopher's Stone,^\s*([A-Z'\s]+|[A-Z\s]+)\s*,80277,17,1.5197038303860737,Harry Potter and the Philosopher's Stone 16.0
1,17.0,-0.07783403498721378,-0.0897014313079094,0.09899315090546248,-0.1290755701772368,-0.25196621988674983,0.14900168651716017,-0.06061711840706816,-0.03493086746946962,0.1045399177751946,0.03781996904322156,Harry Potter and the Philosopher's Stone,^\s*([A-Z'\s]+|[A-Z\s]+)\s*,80277,17,1.5197038303860737,Harry Potter and the Philosopher's Stone 17.0
2,1.0,0.11282562596305093,0.00572199921132178,-0.2396786280517326,0.17309362117952168,-0.1519269637266579,-0.07929388519479597,0.16017899162396798,0.07209953572540992,0.03208660424312809,0.028548900085997458,Harry Potter and the Chamber of Secrets,"^[^\S
]*([A-Z][^a-z]*)((?:
(?![^\S
]*[A-Z][^a-z
]*$).*)*)$",88098,18,1.4759851588302124,Harry Potter and the Chamber of Secrets 1.0
2,2.0,0.08737659200609779,0.21387241945377608,0.04829544259048507,-0.29034797393423684,-0.48103392963356645,0.42872938803517396,0.1604820477158924,0.2014717600978806,-0.07276238623819997,-0.08658463733169001,Harry Potter and the Chamber of Secrets,"^[^\S
]*([A-Z][^a-z]*)((?:
(?![^\S
]*[A-Z][^a-z
]*$).*)*)$",88098,18,1.4759851588302124,Harry Potter and the Chamber of Secrets 2.0
2,3.0,0.06347758584828628,0.018207700187930963,-0.22076513907809436,0.18691818057602883,-0.10123264576641142,0.04324953901601404,0.1706159170437397,-0.04370001492623324,0.0070188846743247085,-0.059198515775975624,Harry Potter and the Chamber of Secrets,"^[^\S
]*([A-Z][^a-z]*)((?:
(?![^\S
]*[A-Z][^a-z
]*$).*)*)$",88098,18,1.4759851588302124,Harry Potter and the Chamber of Secrets 3.0
2,4.0,-0.12712141906882501,0.006438388529997056,-0.19934654113625672,0.0012974973914591133,-0.15205071468290024,0.07268381710468506,0.07916445471236166,-0.0970719728478206,-0.05990702371750771,0.04828852370901101,Harry Potter and the Chamber of Secrets,"^[^\S
]*([A-Z][^a-z]*)((?:
(?![^\S
]*[A-Z][^a-z
]*$).*)*)$",88098,18,1.4759851588302124,Harry Potter and the Chamber of Secrets 4.0
2,5.0,0.051414934642134445,0.003977574522996356,-0.04453463004535308,0.19805457211150934,0.24189905330751701,0.3376561925374077,0.0048230606336264305,-0.0200378514622329,0.059994129021576546,-0.11795935782184508,Harry Potter and the Chamber of Secrets,"^[^\S
]*([A-Z][^a-z]*)((?:
(?![^\S
]*[A-Z][^a-z
]*$).*)*)$",88098,18,1.4759851588302124,Harry Potter and the Chamber of Secrets 5.0
2,6.0,-0.02554589967006167,0.15965269319303527,-0.03573951421041411,-0.03175703772669251,0.1539904684417904,-0.11864353727846318,0.10844227004438392,0.07485103185685123,-0.055095548226994834,-0.017215631001009108,Harry Potter and the Chamber of Secrets,"^[^\S
]*([A-Z][^a-z]*)((?:
(?![^\S
]*[A-Z][^a-z
]*$).*)*)$",88098,18,1.4759851588302124,Harry Potter and the Chamber of Secrets 6.0
2,7.0,-0.4091564410937041,0.021195491368803485,0.14964414442469665,0.2787644446902278,-0.1871005451141861,-0.030967937000116387,-0.056022856753582546,-0.053442126487779525,0.15807759823148904,0.03891755221882762,Harry Potter and the Chamber of Secrets,"^[^\S
]*([A-Z][^a-z]*)((?:
(?![^\S
]*[A-Z][^a-z
]*$).*)*)$",88098,18,1.4759851588302124,Harry Potter and the Chamber of Secrets 7.0
2,8.0,-0.010182505595941412,0.2364541457847738,0.17405350638789963,-0.0741163541657443,0.05752841397543243,0.2168468356655216,0.1196637185383796,0.13177647981457896,-0.09811601930183704,0.26549137382729443,Harry Potter and the Chamber of Secrets,"^[^\S
]*([A-Z][^a-z]*)((?:
(?![^\S
]*[A-Z][^a-z
]*$).*)*)$",88098,18,1.4759851588302124,Harry Potter and the Chamber of Secrets 8.0
2,9.0,-0.010182191896671279,0.23210761700892607,0.024877632090544003,-0.11266661687089556,0.11343432627458319,-0.012845929117950534,0.023854982880028866,0.04362874822762791,0.044738006834726146,0.039307643484658046,Harry Potter and the Chamber of Secrets,"^[^\S
]*([A-Z][^a-z]*)((?:
(?![^\S
]*[A-Z][^a-z
]*$).*)*)$",88098,18,1.4759851588302124,Harry Potter and the Chamber of Secrets 9.0
2,10.0,-0.03499501468603147,0.30581643327954827,0.28100863775901547,-0.05176335698006261,-0.308102501455944,0.20097601552241154,0.0728574336032913,0.023620191867693943,0.02479103784981674,-0.05274663022335833,Harry Potter and the Chamber of Secrets,"^[^\S
]*([A-Z][^a-z]*)((?:
(?![^\S
]*[A-Z][^a-z
]*$).*)*)$",88098,18,1.4759851588302124,Harry Potter and the Chamber of Secrets 10.0
2,11.0,0.016055121383466243,-0.014125251366430586,0.19262136083796258,-0.0837415007529887,0.21970075258959998,-0.034145863445077196,0.30953700562497743,0.04762613197319374,0.3010853748366598,0.16050381450555337,Harry Potter and the Chamber of Secrets,"^[^\S
]*([A-Z][^a-z]*)((?:
(?![^\S
]*[A-Z][^a-z
]*$).*)*)$",88098,18,1.4759851588302124,Harry Potter and the Chamber of Secrets 11.0
2,12.0,-0.013545071241420807,0.10685761908329168,0.06668223982251593,-0.07548666787936237,0.0640897463231683,0.04351740752297076,0.020516123152993934,-0.07242250002180428,0.03000491092684463,0.11192965207261217,Harry Potter and the Chamber of Secrets,"^[^\S
]*([A-Z][^a-z]*)((?:
(?![^\S
]*[A-Z][^a-z
]*$).*)*)$",88098,18,1.4759851588302124,Harry Potter and the Chamber of Secrets 12.0
2,13.0,-0.05108046912437966,0.19338506602977157,0.061970902948595,-0.14001544151365447,-0.023685482048931884,0.01039149497761158,0.023974959326713244,0.07220052821492237,0.0042596452435591115,-0.015634180167811797,Harry Potter and the Chamber of Secrets,"^[^\S
]*([A-Z][^a-z]*)((?:
(?![^\S
]*[A-Z][^a-z
]*$).*)*)$",88098,18,1.4759851588302124,Harry Potter and the Chamber of Secrets 13.0
2,14.0,-0.290300192230324,0.02170411423924922,0.05147065517122231,0.05987610648179085,-0.020999680328654388,0.023019480015692782,-0.03945551334422416,-0.05811435692779846,0.06768802568965318,0.07396337878351916,Harry Potter and the Chamber of Secrets,"^[^\S
]*([A-Z][^a-z]*)((?:
(?![^\S
]*[A-Z][^a-z
]*$).*)*)$",88098,18,1.4759851588302124,Harry Potter and the Chamber of Secrets 14.0
2,15.0,-0.02099495526547112,-0.08382469597391806,0.19412343358308068,-0.10587304267943877,0.1082103534552031,0.012726752127078937,0.0835303825033491,0.1063599847590678,0.033980775844313076,-0.3706261596339704,Harry Potter and the Chamber of Secrets,"^[^\S
]*([A-Z][^a-z]*)((?:
(?![^\S
]*[A-Z][^a-z
]*$).*)*)$",88098,18,1.4759851588302124,Harry Potter and the Chamber of Secrets 15.0
2,16.0,0.09265178024938435,-0.0018742855292874193,0.12478317215773438,-0.12774182138164533,0.12877933927300367,0.013190357018502033,0.1316082029339534,-0.005284269149711857,0.18301527517123448,-0.07684844780263242,Harry Potter and the Chamber of Secrets,"^[^\S
]*([A-Z][^a-z]*)((?:
(?![^\S
]*[A-Z][^a-z
]*$).*)*)$",88098,18,1.4759851588302124,Harry Potter and the Chamber of Secrets 16.0
2,17.0,0.12357115397608004,-0.10824665766575481,0.1392596082501855,-0.013803882265677535,0.12754079307330957,0.08340792465901627,0.04676205920287269,-0.0208010221612831,0.11297191533839596,-0.01221191483563893,Harry Potter and the Chamber of Secrets,"^[^\S
]*([A-Z][^a-z]*)((?:
(?![^\S
]*[A-Z][^a-z
]*$).*)*)$",88098,18,1.4759851588302124,Harry Potter and the Chamber of Secrets 17.0
2,18.0,0.07856232513146123,0.07879840983307415,0.00954025718187362,-0.09019272129813452,0.03301930591212616,0.016558578653591685,-0.11662376709847462,-0.010151018392752325,0.09830597480606901,0.021497472021979006,Harry Potter and the Chamber of Secrets,"^[^\S
]*([A-Z][^a-z]*)((?:
(?![^\S
]*[A-Z][^a-z
]*$).*)*)$",88098,18,1.4759851588302124,Harry Potter and the Chamber of Secrets 18.0
3,1.0,0.054891463219286694,0.08559710048597217,-0.2582684818349558,0.08861792488971429,-0.1227496129590169,-0.12465173602981963,0.11161592396778042,0.05761137072419793,-0.024335175665504364,-0.08144302101486087,Harry Potter and the Prisoner of Azkaban,"^[^\S
]*([A-Z][^a-z]*)((?:
(?![^\S
]*[A-Z][^a-z
]*$).*)*)$",110954,22,1.4686378437986658,Harry Potter and the Prisoner of Azkaban 1.0
3,2.0,0.11270467114771986,-0.005286218831515305,-0.22545952879441244,0.16431056142946077,-0.13008985368147502,0.004882110345149705,0.12511549233833952,0.07732263545828355,0.015537039304606511,0.041156165664451294,Harry Potter and the Prisoner of Azkaban,"^[^\S
]*([A-Z][^a-z]*)((?:
(?![^\S
]*[A-Z][^a-z
]*$).*)*)$",110954,22,1.4686378437986658,Harry Potter and the Prisoner of Azkaban 2.0
3,3.0,0.07897823315201877,-0.016502746766676235,-0.17819333663584536,0.09931316192572359,0.0410875463298836,0.07295248171282186,0.11306490412667529,-0.002957585710910437,-0.09666773929248536,0.02845933854957156,Harry Potter and the Prisoner of Azkaban,"^[^\S
]*([A-Z][^a-z]*)((?:
(?![^\S
]*[A-Z][^a-z
]*$).*)*)$",110954,22,1.4686378437986658,Harry Potter and the Prisoner of Azkaban 3.0
3,4.0,0.013187957727333346,0.09011747836217557,-0.18165465869151268,0.15025157989878007,-0.05178667758134223,0.017178592637141964,0.04041773841385153,-0.07761248431943636,-0.013699649429451195,0.02572195082380497,Harry Potter and the Prisoner of Azkaban,"^[^\S
]*([A-Z][^a-z]*)((?:
(?![^\S
]*[A-Z][^a-z
]*$).*)*)$",110954,22,1.4686378437986658,Harry Potter and the Prisoner of Azkaban 4.0
3,5.0,-0.006863715654429378,0.05825163151482004,-0.09582719603459744,0.20736984037791628,0.3466241887590435,0.4000082265749144,-0.17141574108211727,0.04275726157566738,0.14069511752425215,-0.046272661592529116,Harry Potter and the Prisoner of Azkaban,"^[^\S
]*([A-Z][^a-z]*)((?:
(?![^\S
]*[A-Z][^a-z
]*$).*)*)$",110954,22,1.4686378437986658,Harry Potter and the Prisoner of Azkaban 5.0
3,6.0,-0.5029617270822553,-0.1118489355981648,-0.020350454777994006,-0.08675600938471686,0.06621506392668311,-0.06338512309264233,0.0677687388515236,0.14409553452311794,-0.0032442618653300438,-0.007462870352027016,Harry Potter and the Prisoner of Azkaban,"^[^\S
]*([A-Z][^a-z]*)((?:
(?![^\S
]*[A-Z][^a-z
]*$).*)*)$",110954,22,1.4686378437986658,Harry Potter and the Prisoner of Azkaban 6.0
3,7.0,-0.05500226997329194,0.29287132740491856,0.15189647656849092,-0.19245827708213264,0.17103698329180878,0.05265972841955923,0.18766392300161547,0.21322369611943462,-0.04332634984601288,0.2399382587305232,Harry Potter and the Prisoner of Azkaban,"^[^\S
]*([A-Z][^a-z]*)((?:
(?![^\S
]*[A-Z][^a-z
]*$).*)*)$",110954,22,1.4686378437986658,Harry Potter and the Prisoner of Azkaban 7.0
3,8.0,-0.13000322348697238,0.3272451309753655,0.10439715119127004,-0.007409462817318816,0.05415008485651643,-0.11391083823587819,-0.05349783888830485,0.15529589917403203,0.00963285555828313,0.0693416182168386,Harry Potter and the Prisoner of Azkaban,"^[^\S
]*([A-Z][^a-z]*)((?:
(?![^\S
]*[A-Z][^a-z
]*$).*)*)$",110954,22,1.4686378437986658,Harry Potter and the Prisoner of Azkaban 8.0
3,9.0,-0.11628070482236368,0.3157825880024593,0.3525398571956979,0.14639116195294732,-0.12134415572223249,0.024946830604718476,-0.08387171271303545,0.17255863305231878,0.06052895791995578,0.001781749848420111,Harry Potter and the Prisoner of Azkaban,"^[^\S
]*([A-Z][^a-z]*)((?:
(?![^\S
]*[A-Z][^a-z
]*$).*)*)$",110954,22,1.4686378437986658,Harry Potter and the Prisoner of Azkaban 9.0
3,10.0,-0.3050441200583286,-0.1001405543006762,0.017012711703041705,0.04307640899354338,-0.009973522485932973,-0.0550940634280289,-0.264536882225155,0.18207190357946743,0.009807879697130598,0.018532963924312258,Harry Potter and the Prisoner of Azkaban,"^[^\S
]*([A-Z][^a-z]*)((?:
(?![^\S
]*[A-Z][^a-z
]*$).*)*)$",110954,22,1.4686378437986658,Harry Potter and the Prisoner of Azkaban 10.0
3,11.0,-0.3200693042478091,-0.052889287269669745,0.006642731621080719,0.02841606446943059,-0.05999252815278795,-0.022015413051168754,-0.10821198096508992,0.09942156613400985,0.015818995472868854,0.008841970972637794,Harry Potter and the Prisoner of Azkaban,"^[^\S
]*([A-Z][^a-z]*)((?:
(?![^\S
]*[A-Z][^a-z
]*$).*)*)$",110954,22,1.4686378437986658,Harry Potter and the Prisoner of Azkaban 11.0
3,12.0,-0.04194677173216249,0.22632394798840144,0.10125781524464308,0.07371626678703344,-0.0646050407046912,-0.08607345401709159,-0.1676635787432309,0.14691785337308752,-0.017262759887161905,-0.07509307331254264,Harry Potter and the Prisoner of Azkaban,"^[^\S
]*([A-Z][^a-z]*)((?:
(?![^\S
]*[A-Z][^a-z
]*$).*)*)$",110954,22,1.4686378437986658,Harry Potter and the Prisoner of Azkaban 12.0
3,13.0,-0.14303047814985898,0.24110607277782023,0.36354111587661964,0.4045938277456932,-0.25768581950737296,-0.0527700859377409,-0.13106782430006933,0.008968372130423265,0.10449468721751666,-0.05543688899787072,Harry Potter and the Prisoner of Azkaban,"^[^\S
]*([A-Z][^a-z]*)((?:
(?![^\S
]*[A-Z][^a-z
]*$).*)*)$",110954,22,1.4686378437986658,Harry Potter and the Prisoner of Azkaban 13.0
3,14.0,-0.27065935652251244,-0.10625508412677717,-0.17148567176610718,-0.0525247841556651,-0.013305191388365955,-0.01871815781467882,-0.05596768695086115,0.09373979004099073,-0.04755312900308854,-0.004018388408557351,Harry Potter and the Prisoner of Azkaban,"^[^\S
]*([A-Z][^a-z]*)((?:
(?![^\S
]*[A-Z][^a-z
]*$).*)*)$",110954,22,1.4686378437986658,Harry Potter and the Prisoner of Azkaban 14.0
3,15.0,-0.21266160555521188,0.21568094549015274,0.3370394058153256,0.33158194151472026,-0.09294455612799109,-0.1313862308738036,-0.006369373095929665,-0.00040564655566127303,0.06494094738038357,-0.036801631775247146,Harry Potter and the Prisoner of Azkaban,"^[^\S
]*([A-Z][^a-z]*)((?:
(?![^\S
]*[A-Z][^a-z
]*$).*)*)$",110954,22,1.4686378437986658,Harry Potter and the Prisoner of Azkaban 15.0
3,16.0,-0.3683554075275688,-0.12889712771545056,-0.1024234387522418,-0.08540660587801877,0.020542336473586734,-0.0736495502946779,0.039497828324619164,0.04593406390794205,0.025492471405679968,-0.022005757329953995,Harry Potter and the Prisoner of Azkaban,"^[^\S
]*([A-Z][^a-z]*)((?:
(?![^\S
]*[A-Z][^a-z
]*$).*)*)$",110954,22,1.4686378437986658,Harry Potter and the Prisoner of Azkaban 16.0
3,17.0,0.12596815345624185,-0.16780164252347401,0.1495744135873321,0.13036086655870344,0.08475166811191769,0.04181354165640643,0.03582186952235094,0.15185457241722855,-0.1797025053972668,0.047023230219653704,Harry Potter and the Prisoner of Azkaban,"^[^\S
]*([A-Z][^a-z]*)((?:
(?![^\S
]*[A-Z][^a-z
]*$).*)*)$",110954,22,1.4686378437986658,Harry Potter and the Prisoner of Azkaban 17.0
3,18.0,0.097468161152435,-0.06248142209038069,-0.03448020163103355,-0.03366916628100853,0.031048138339381044,-0.052276811811060184,-0.12106528572731401,0.03403766228591446,-0.03437575583790766,0.07704842927222244,Harry Potter and the Prisoner of Azkaban,"^[^\S
]*([A-Z][^a-z]*)((?:
(?![^\S
]*[A-Z][^a-z
]*$).*)*)$",110954,22,1.4686378437986658,Harry Potter and the Prisoner of Azkaban 18.0
3,19.0,0.1577968848393174,-0.17288694630984563,0.09694549217604109,0.08092050924808533,0.010448757752399208,-0.07589015671871994,-0.14003359467320964,0.2425150767348184,-0.15113372271718198,0.06551009607670268,Harry Potter and the Prisoner of Azkaban,"^[^\S
]*([A-Z][^a-z]*)((?:
(?![^\S
]*[A-Z][^a-z
]*$).*)*)$",110954,22,1.4686378437986658,Harry Potter and the Prisoner of Azkaban 19.0
3,20.0,0.10154751118501287,-0.1681200137056175,0.177640361289531,0.14301070188603965,0.0960527014679721,0.056228363500842204,-0.03993586882755188,0.1826759062145567,-0.16917243860329567,-0.026590738584935093,Harry Potter and the Prisoner of Azkaban,"^[^\S
]*([A-Z][^a-z]*)((?:
(?![^\S
]*[A-Z][^a-z
]*$).*)*)$",110954,22,1.4686378437986658,Harry Potter and the Prisoner of Azkaban 20.0
3,21.0,0.007791386787871623,-0.20134671252409486,0.13208304075172492,0.0784228919405363,0.0959168852291525,-0.023453293851887925,-0.16844923050917499,0.30788128581986035,-0.15659027164253952,-0.24484986789597557,Harry Potter and the Prisoner of Azkaban,"^[^\S
]*([A-Z][^a-z]*)((?:
(?![^\S
]*[A-Z][^a-z
]*$).*)*)$",110954,22,1.4686378437986658,Harry Potter and the Prisoner of Azkaban 21.0
3,22.0,-0.0016131618429151076,0.07627706299258952,-0.14484889538181597,0.03942763973629988,0.06482791878866621,-0.05178242091799028,-0.1439215509263991,0.20692042918375353,-0.004434983417074332,0.014330517947154276,Harry Potter and the Prisoner of Azkaban,"^[^\S
]*([A-Z][^a-z]*)((?:
(?![^\S
]*[A-Z][^a-z
]*$).*)*)$",110954,22,1.4686378437986658,Harry Potter and the Prisoner of Azkaban 22.0
4,1.0,0.21686833234076153,-0.14540572644657818,0.008338939509974568,-0.07522991608633492,-0.06420304762636621,-0.08317984880430347,0.07052758428863187,-0.04271718742983449,0.20860491800689981,-0.0005142507109766464,Harry Potter and the Goblet of Fire,"^[^\S
]*([A-Z][^a-z]*)((?:
(?![^\S
]*[A-Z][^a-z
]*$).*)*)$",196367,37,1.4459719546487184,Harry Potter and the Goblet of Fire 1.0
4,2.0,0.16378530402768365,-0.05537091301877996,-0.18346075774724538,0.07502012952033277,-0.08488805082278826,-0.0866883031141546,0.08705549411631737,0.11757100197160347,-0.0013853131348455002,-0.008710265894438409,Harry Potter and the Goblet of Fire,"^[^\S
]*([A-Z][^a-z]*)((?:
(?![^\S
]*[A-Z][^a-z
]*$).*)*)$",196367,37,1.4459719546487184,Harry Potter and the Goblet of Fire 2.0
4,3.0,0.04302574186048339,0.06294478777353983,-0.3115381049757615,0.15988930472517113,-0.09575055584389815,0.004371704370826702,0.12026940027277089,0.22640109048145038,0.020605242583301746,-0.06323903755756734,Harry Potter and the Goblet of Fire,"^[^\S
]*([A-Z][^a-z]*)((?:
(?![^\S
]*[A-Z][^a-z
]*$).*)*)$",196367,37,1.4459719546487184,Harry Potter and the Goblet of Fire 3.0
4,4.0,0.10507289649755783,-0.0665224036978249,-0.1464262092542816,0.135782871164203,-0.01743718288351494,0.046975787665360695,0.0953586832798996,0.03424187663085462,-0.05183119323013012,0.011476183161716204,Harry Potter and the Goblet of Fire,"^[^\S
]*([A-Z][^a-z]*)((?:
(?![^\S
]*[A-Z][^a-z
]*$).*)*)$",196367,37,1.4459719546487184,Harry Potter and the Goblet of Fire 4.0
4,5.0,0.05597315736986301,0.0654605086866975,-0.23764533911847233,0.22320971057482394,-0.12124322361840548,-0.05159890887607222,0.20671671947995518,-0.04077236711523291,-0.06706563746240934,0.08393854368250418,Harry Potter and the Goblet of Fire,"^[^\S
]*([A-Z][^a-z]*)((?:
(?![^\S
]*[A-Z][^a-z
]*$).*)*)$",196367,37,1.4459719546487184,Harry Potter and the Goblet of Fire 5.0
4,6.0,0.04877313655965976,0.043940181607571675,-0.048531495666524455,0.174382156251188,-0.15275388256346342,-0.01696821656922375,0.04088767480409742,-0.10276174220729038,0.015271842998235294,-0.04018022427113965,Harry Potter and the Goblet of Fire,"^[^\S
]*([A-Z][^a-z]*)((?:
(?![^\S
]*[A-Z][^a-z
]*$).*)*)$",196367,37,1.4459719546487184,Harry Potter and the Goblet of Fire 6.0
4,7.0,-0.008745870796419499,0.1060128291305899,-0.05704677564168076,0.0960059163410633,0.01035181731009394,0.04481267290751091,-0.019913524556909482,-0.13588380310685025,0.0013504915825213182,-0.08288995059349809,Harry Potter and the Goblet of Fire,"^[^\S
]*([A-Z][^a-z]*)((?:
(?![^\S
]*[A-Z][^a-z
]*$).*)*)$",196367,37,1.4459719546487184,Harry Potter and the Goblet of Fire 7.0
4,8.0,-0.00012346112463625797,0.20256469313909725,0.25319877421054715,0.09717683438404091,-0.24209079631067434,0.24876860691567726,-0.02605288901518334,-0.029303768781165133,0.029993322852813885,-0.10815480306435582,Harry Potter and the Goblet of Fire,"^[^\S
]*([A-Z][^a-z]*)((?:
(?![^\S
]*[A-Z][^a-z
]*$).*)*)$",196367,37,1.4459719546487184,Harry Potter and the Goblet of Fire 8.0
4,9.0,0.08715581480000222,-0.08388028533234744,0.15617452007425983,-0.048734258148928684,-0.08719340458232878,0.1205554527481781,0.02693520716844534,0.01778586547250775,-0.08229873405847801,-0.287661940393374,Harry Potter and the Goblet of Fire,"^[^\S
]*([A-Z][^a-z]*)((?:
(?![^\S
]*[A-Z][^a-z
]*$).*)*)$",196367,37,1.4459719546487184,Harry Potter and the Goblet of Fire 9.0
4,10.0,0.06147815979033875,0.09919607857466721,-0.2740351616244314,0.13591751864554114,-0.13805402374681353,-0.11900859092764936,0.1366238844312884,-0.025244099142894917,0.04042629704012833,0.01424791488523533,Harry Potter and the Goblet of Fire,"^[^\S
]*([A-Z][^a-z]*)((?:
(?![^\S
]*[A-Z][^a-z
]*$).*)*)$",196367,37,1.4459719546487184,Harry Potter and the Goblet of Fire 10.0
4,11.0,0.025498124323324923,0.05724992194870775,-0.2605973311825434,0.19141740176453567,0.17550916740391714,0.31299472766789666,0.031376720926441656,-0.05582982834939912,0.14125412166389578,-0.056078781554454546,Harry Potter and the Goblet of Fire,"^[^\S
]*([A-Z][^a-z]*)((?:
(?![^\S
]*[A-Z][^a-z
]*$).*)*)$",196367,37,1.4459719546487184,Harry Potter and the Goblet of Fire 11.0
4,12.0,-0.009538245850904714,0.12318268570083743,0.08721565296495289,0.012716593568976413,0.3008051940864691,0.23315648761292174,-0.01983998842485931,-0.09733485345666305,-0.048978143145654116,0.29513131099022066,Harry Potter and the Goblet of Fire,"^[^\S
]*([A-Z][^a-z]*)((?:
(?![^\S
]*[A-Z][^a-z
]*$).*)*)$",196367,37,1.4459719546487184,Harry Potter and the Goblet of Fire 12.0
4,13.0,-0.21792642433088488,-0.03582185829532821,-0.07071178202196798,-0.057647810536460856,0.08063151166401952,-0.08913619795155749,0.13601338669498966,0.014617228042102096,-0.04313621672028882,-0.034934530824497906,Harry Potter and the Goblet of Fire,"^[^\S
]*([A-Z][^a-z]*)((?:
(?![^\S
]*[A-Z][^a-z
]*$).*)*)$",196367,37,1.4459719546487184,Harry Potter and the Goblet of Fire 13.0
4,14.0,-0.04250325432760656,0.20151999713887947,-0.06521351651707184,-0.09207318245543979,0.13147656289312884,-0.1807442888634028,-0.022084179403053236,0.08304909708093407,-0.03151806882196874,-0.056155880896363995,Harry Potter and the Goblet of Fire,"^[^\S
]*([A-Z][^a-z]*)((?:
(?![^\S
]*[A-Z][^a-z
]*$).*)*)$",196367,37,1.4459719546487184,Harry Potter and the Goblet of Fire 14.0
4,15.0,-0.060651351965694225,0.12350762788801725,-0.042017293492543434,-0.016499925789095725,0.22803280780771712,-0.040383030301290236,0.05466370949860516,0.0361818657812195,-0.09450373374766657,-0.0602659800910742,Harry Potter and the Goblet of Fire,"^[^\S
]*([A-Z][^a-z]*)((?:
(?![^\S
]*[A-Z][^a-z
]*$).*)*)$",196367,37,1.4459719546487184,Harry Potter and the Goblet of Fire 15.0
4,16.0,-0.2989543978509387,-0.05422658707906394,-0.0899956765700711,-0.06622050408553247,0.17668822914795207,0.09485326283150805,-0.0550997611833711,-0.1444948360058504,-0.04739505887115305,0.07281709887939208,Harry Potter and the Goblet of Fire,"^[^\S
]*([A-Z][^a-z]*)((?:
(?![^\S
]*[A-Z][^a-z
]*$).*)*)$",196367,37,1.4459719546487184,Harry Potter and the Goblet of Fire 16.0
4,17.0,0.055821640769361386,0.07308392033257001,-0.040521281727440746,-0.04075287963475367,0.12560871213737296,-0.03613669249612658,-0.06487927361001503,-0.12814258806301168,-0.06567207831084923,0.05603713630800812,Harry Potter and the Goblet of Fire,"^[^\S
]*([A-Z][^a-z]*)((?:
(?![^\S
]*[A-Z][^a-z
]*$).*)*)$",196367,37,1.4459719546487184,Harry Potter and the Goblet of Fire 17.0
4,18.0,-0.1419428370005104,0.14533011566333104,-0.10827780064081091,-0.09497973298041507,0.022341247098828586,-0.07106837794655713,0.0860211954567465,0.0817461574364225,-0.1006350236622869,-0.08406744543198993,Harry Potter and the Goblet of Fire,"^[^\S
]*([A-Z][^a-z]*)((?:
(?![^\S
]*[A-Z][^a-z
]*$).*)*)$",196367,37,1.4459719546487184,Harry Potter and the Goblet of Fire 18.0
4,19.0,-0.19349175221205744,-0.09772475904078333,-0.010986024024038851,-0.04937170650044695,0.046737909117327954,-0.10655982250297791,0.05924431403746426,-0.19009325941619812,-0.21722415097590608,-0.09667277731156505,Harry Potter and the Goblet of Fire,"^[^\S
]*([A-Z][^a-z]*)((?:
(?![^\S
]*[A-Z][^a-z
]*$).*)*)$",196367,37,1.4459719546487184,Harry Potter and the Goblet of Fire 19.0
4,20.0,-0.0876620676731094,0.01036526875267807,0.12577529639146465,0.09671943552054625,0.03369848973077312,-0.07061842690750406,0.14202956669812464,-0.22157139306337317,-0.2334951147742968,-0.11108314535764907,Harry Potter and the Goblet of Fire,"^[^\S
]*([A-Z][^a-z]*)((?:
(?![^\S
]*[A-Z][^a-z
]*$).*)*)$",196367,37,1.4459719546487184,Harry Potter and the Goblet of Fire 20.0
4,21.0,0.021520671641931728,0.2155190810712167,0.051718933623151775,-0.29101851017360036,-0.31163300239546926,0.31505741548753663,0.12085808477645635,0.13775317454527874,-0.037646897514451085,-0.02354052142845482,Harry Potter and the Goblet of Fire,"^[^\S
]*([A-Z][^a-z]*)((?:
(?![^\S
]*[A-Z][^a-z
]*$).*)*)$",196367,37,1.4459719546487184,Harry Potter and the Goblet of Fire 21.0
4,22.0,-0.30974382645357235,0.06030822896493911,-0.07079282464584706,-0.09789080065872002,0.10622991608875487,-0.0775169387496315,0.03362464887039744,-0.06090940437008176,0.011304811292661223,0.0370848688843753,Harry Potter and the Goblet of Fire,"^[^\S
]*([A-Z][^a-z]*)((?:
(?![^\S
]*[A-Z][^a-z
]*$).*)*)$",196367,37,1.4459719546487184,Harry Potter and the Goblet of Fire 22.0
4,23.0,-0.09692262976665869,0.16973041609915096,-0.029720804718366578,-0.12038848435626298,-0.060409049024825585,0.1584350009407361,0.017442160442890084,-0.13627047260105168,-0.05432566997339755,-0.05458077836433097,Harry Potter and the Goblet of Fire,"^[^\S
]*([A-Z][^a-z]*)((?:
(?![^\S
]*[A-Z][^a-z
]*$).*)*)$",196367,37,1.4459719546487184,Harry Potter and the Goblet of Fire 23.0
4,24.0,-0.40402655231057716,-0.1519883319630311,-0.15058934368843285,-0.1273814272738718,0.013734203838088602,-0.032979293258069954,-0.045609957589862374,-0.02043348062915215,0.013815866878705283,-0.004064923794548474,Harry Potter and the Goblet of Fire,"^[^\S
]*([A-Z][^a-z]*)((?:
(?![^\S
]*[A-Z][^a-z
]*$).*)*)$",196367,37,1.4459719546487184,Harry Potter and the Goblet of Fire 24.0
4,25.0,0.041527339925170895,0.0478358825300522,0.15603817123722685,-0.004174332566244492,0.17032551359968662,0.1104838284379354,0.10137550148615093,0.09278858998138269,-0.15603557626073358,0.4072774664123317,Harry Potter and the Goblet of Fire,"^[^\S
]*([A-Z][^a-z]*)((?:
(?![^\S
]*[A-Z][^a-z
]*$).*)*)$",196367,37,1.4459719546487184,Harry Potter and the Goblet of Fire 25.0
4,26.0,-0.13301104559926136,-0.0036642484986873745,0.10616393776492847,-0.12390561615345584,-0.04542653708391948,0.18494967803711157,0.1098788046369167,0.01624242984227702,-0.23293768651939809,-0.012528448738096852,Harry Potter and the Goblet of Fire,"^[^\S
]*([A-Z][^a-z]*)((?:
(?![^\S
]*[A-Z][^a-z
]*$).*)*)$",196367,37,1.4459719546487184,Harry Potter and the Goblet of Fire 26.0
4,27.0,0.02673084455849757,0.12285659178472824,-0.08126606382341771,-0.09340575200406753,0.03146791155189169,-0.09843623182790151,-0.08716120320778409,0.18086351530365416,-0.017634181137273646,-0.029495439666528577,Harry Potter and the Goblet of Fire,"^[^\S
]*([A-Z][^a-z]*)((?:
(?![^\S
]*[A-Z][^a-z
]*$).*)*)$",196367,37,1.4459719546487184,Harry Potter and the Goblet of Fire 27.0
4,28.0,-0.32087822383542897,-0.17521737413794833,-0.10330799881344516,-0.06139612857138241,-0.020516913256932744,-0.00464055300356838,0.04094161534515843,0.1963057589141277,0.04935131250242115,-0.07392412827559458,Harry Potter and the Goblet of Fire,"^[^\S
]*([A-Z][^a-z]*)((?:
(?![^\S
]*[A-Z][^a-z
]*$).*)*)$",196367,37,1.4459719546487184,Harry Potter and the Goblet of Fire 28.0
4,29.0,0.009819918686324165,0.025005787640048315,-0.011204384608894537,0.068915615275639,0.06300457525490478,-0.1456931702622734,0.15010402574709794,0.1662080952488705,0.0572199619021008,-0.12010348922592781,Harry Potter and the Goblet of Fire,"^[^\S
]*([A-Z][^a-z]*)((?:
(?![^\S
]*[A-Z][^a-z
]*$).*)*)$",196367,37,1.4459719546487184,Harry Potter and the Goblet of Fire 29.0
4,30.0,0.1591960050179127,-0.036697468303910394,0.023120324439461035,-0.047524958402441586,0.058268943909082264,0.0009232933319634493,-0.24250893876304044,0.21295763680718302,-0.03416019191563682,-0.08107291513792332,Harry Potter and the Goblet of Fire,"^[^\S
]*([A-Z][^a-z]*)((?:
(?![^\S
]*[A-Z][^a-z
]*$).*)*)$",196367,37,1.4459719546487184,Harry Potter and the Goblet of Fire 30.0
4,31.0,0.051552524689624984,-0.027243198629259266,0.09646566738286112,-0.0034939008323709164,0.04486987652860263,-0.030972174764344884,0.03184336198611967,-0.0016896915521020517,-0.0560405961874363,-0.17827737112189762,Harry Potter and the Goblet of Fire,"^[^\S
]*([A-Z][^a-z]*)((?:
(?![^\S
]*[A-Z][^a-z
]*$).*)*)$",196367,37,1.4459719546487184,Harry Potter and the Goblet of Fire 31.0
4,32.0,0.16783054133252837,-0.1554984611264885,0.10445786741193558,-0.026112243803703552,0.05744622299098449,0.03722555082091768,0.28293616634002433,0.025117429402740726,-0.011925712668623417,0.1483901475457636,Harry Potter and the Goblet of Fire,"^[^\S
]*([A-Z][^a-z]*)((?:
(?![^\S
]*[A-Z][^a-z
]*$).*)*)$",196367,37,1.4459719546487184,Harry Potter and the Goblet of Fire 32.0
4,33.0,0.2540846277825293,-0.2997882893369716,0.14079797023485624,-0.18457013736209654,-0.06044442936431507,-0.07504586518809514,-0.07061194675252147,0.0721133498487985,0.3064097184138924,0.1541755615226753,Harry Potter and the Goblet of Fire,"^[^\S
]*([A-Z][^a-z]*)((?:
(?![^\S
]*[A-Z][^a-z
]*$).*)*)$",196367,37,1.4459719546487184,Harry Potter and the Goblet of Fire 33.0
4,34.0,0.17042863965204874,-0.19905944403034437,0.22097084885151488,0.05499181560839683,0.08517805959614569,0.020831849100282452,0.08600963908129246,-0.05354244997989838,-0.12570137526091943,0.04386521873864262,Harry Potter and the Goblet of Fire,"^[^\S
]*([A-Z][^a-z]*)((?:
(?![^\S
]*[A-Z][^a-z
]*$).*)*)$",196367,37,1.4459719546487184,Harry Potter and the Goblet of Fire 34.0
4,35.0,0.17841537887868708,-0.15707185071517757,0.081319888175877,-0.1158447871625836,-0.062333925962716405,-0.019184441873735667,-0.14447721965494412,0.13120840585310722,0.11918912158968407,0.24289366673268908,Harry Potter and the Goblet of Fire,"^[^\S
]*([A-Z][^a-z]*)((?:
(?![^\S
]*[A-Z][^a-z
]*$).*)*)$",196367,37,1.4459719546487184,Harry Potter and the Goblet of Fire 35.0
4,36.0,0.13948038752288944,-0.061876499346298734,0.07318340885297187,-0.010416499289042895,0.061311873342036666,-0.028774102420599974,-0.17990079558529934,0.06912000816263231,-0.10606450870454608,0.13894509133164534,Harry Potter and the Goblet of Fire,"^[^\S
]*([A-Z][^a-z]*)((?:
(?![^\S
]*[A-Z][^a-z
]*$).*)*)$",196367,37,1.4459719546487184,Harry Potter and the Goblet of Fire 36.0
4,37.0,-0.4194633247923924,-0.1858930699923138,-0.16010707334141977,-0.053360137964137,0.043389900091413094,0.09825005671790471,-0.11104015816324683,-0.049988874165564544,0.10172015335945336,0.03321819891535781,Harry Potter and the Goblet of Fire,"^[^\S
]*([A-Z][^a-z]*)((?:
(?![^\S
]*[A-Z][^a-z
]*$).*)*)$",196367,37,1.4459719546487184,Harry Potter and the Goblet of Fire 37.0
5,1.0,0.116218714646456,-0.07711750868279303,-0.06557083885962324,0.10573679643441863,-0.006770968465597753,-0.012956960574637487,-0.01665977865480218,0.048684156056727004,-0.11108621487115584,-0.0500526199131892,Harry Potter and the Order of the Phoenix,"^[^\S
]*([A-Z][^a-z]*)((?:
(?![^\S
]*[A-Z][^a-z
]*$).*)*)$",264622,38,1.397023493371349,Harry Potter and the Order of the Phoenix 1.0
5,2.0,0.13963763027922893,-0.06949221299104834,-0.24792932276140986,0.19678289970675572,-0.09406158395644763,-0.05645605944715198,-0.10028249786001882,0.4091020751240053,-0.1447659744174049,-0.01845922927046819,Harry Potter and the Order of the Phoenix,"^[^\S
]*([A-Z][^a-z]*)((?:
(?![^\S
]*[A-Z][^a-z
]*$).*)*)$",264622,38,1.397023493371349,Harry Potter and the Order of the Phoenix 2.0
5,3.0,0.14272092809996578,-0.025582932357454104,-0.2053080358321581,0.27854105141138136,-0.08487940181963019,0.047589322823675353,0.13336330316516098,0.08247541271561941,-0.023030393008872285,0.020606236674372377,Harry Potter and the Order of the Phoenix,"^[^\S
]*([A-Z][^a-z]*)((?:
(?![^\S
]*[A-Z][^a-z
]*$).*)*)$",264622,38,1.397023493371349,Harry Potter and the Order of the Phoenix 3.0
5,4.0,0.11510510724790193,0.01686120713086499,-0.217306590748585,0.10573973297018562,-0.041879068052683946,-0.05222179611236151,-0.10313400320455508,0.08580332068681461,-0.054123457796991015,0.0332174773072874,Harry Potter and the Order of the Phoenix,"^[^\S
]*([A-Z][^a-z]*)((?:
(?![^\S
]*[A-Z][^a-z
]*$).*)*)$",264622,38,1.397023493371349,Harry Potter and the Order of the Phoenix 4.0
5,5.0,0.11667268286418188,0.018295340237722744,-0.22618684150879326,0.005672538852283112,-0.012317592854550929,-0.0621985914680044,-0.03935601106935588,-0.029432650838329303,0.00198727750615847,0.08163303124903895,Harry Potter and the Order of the Phoenix,"^[^\S
]*([A-Z][^a-z]*)((?:
(?![^\S
]*[A-Z][^a-z
]*$).*)*)$",264622,38,1.397023493371349,Harry Potter and the Order of the Phoenix 5.0
5,6.0,0.14109023606023907,0.0020094965534902635,-0.15329565890773958,-0.04063206756348639,-0.11173607599802476,-0.0699435906185682,-0.0796995847120685,0.022226719971182664,0.0545863349419321,0.13463212704930763,Harry Potter and the Order of the Phoenix,"^[^\S
]*([A-Z][^a-z]*)((?:
(?![^\S
]*[A-Z][^a-z
]*$).*)*)$",264622,38,1.397023493371349,Harry Potter and the Order of the Phoenix 6.0
5,7.0,0.07749587328837204,0.07670012411409002,-0.0718339795145978,0.11222034565297007,0.13303613347827614,0.12455188671117451,-0.0393411370939564,-0.0006900126810677684,-0.08115300376987587,-0.08515154990740671,Harry Potter and the Order of the Phoenix,"^[^\S
]*([A-Z][^a-z]*)((?:
(?![^\S
]*[A-Z][^a-z
]*$).*)*)$",264622,38,1.397023493371349,Harry Potter and the Order of the Phoenix 7.0
5,8.0,0.09188135195658176,-0.009861960119439097,-0.055552011971616064,0.06594129051002307,0.06465917543279484,-0.017175407345575336,-0.37681335068146227,0.3897291799176235,-0.15266483982558998,-0.09143206139728592,Harry Potter and the Order of the Phoenix,"^[^\S
]*([A-Z][^a-z]*)((?:
(?![^\S
]*[A-Z][^a-z
]*$).*)*)$",264622,38,1.397023493371349,Harry Potter and the Order of the Phoenix 8.0
5,9.0,0.08623225649078443,0.08353449931521656,-0.2865252360017784,0.11674369315705305,-0.060047805498553916,-0.08133491409143372,0.03953691167045209,0.011325217197251242,-0.002403911502085925,0.033567502447239786,Harry Potter and the Order of the Phoenix,"^[^\S
]*([A-Z][^a-z]*)((?:
(?![^\S
]*[A-Z][^a-z
]*$).*)*)$",264622,38,1.397023493371349,Harry Potter and the Order of the Phoenix 9.0
5,10.0,0.024215713417363394,0.05774953923240868,-0.12242995856658487,0.23013219005401966,0.2576207232942744,0.30728373949753707,-0.07672411481762322,0.009970746498034285,0.04402580363307197,-0.11267724098451767,Harry Potter and the Order of the Phoenix,"^[^\S
]*([A-Z][^a-z]*)((?:
(?![^\S
]*[A-Z][^a-z
]*$).*)*)$",264622,38,1.397023493371349,Harry Potter and the Order of the Phoenix 10.0
5,11.0,0.006179193289163249,0.0879654293758663,-0.014729085519380755,-0.015110611761375207,0.27531578513731614,0.18242323375196112,-0.132229303394564,-0.14129115081236643,0.07844393112852208,0.04856193000710301,Harry Potter and the Order of the Phoenix,"^[^\S
]*([A-Z][^a-z]*)((?:
(?![^\S
]*[A-Z][^a-z
]*$).*)*)$",264622,38,1.397023493371349,Harry Potter and the Order of the Phoenix 11.0
5,12.0,-0.10725754568576037,0.3857242074671944,-0.022151593917385637,-0.19877259732224584,0.234886142881027,-0.23732311183605176,0.12814003170993646,0.05245143233367355,-0.04400445372107225,0.08958175213459667,Harry Potter and the Order of the Phoenix,"^[^\S
]*([A-Z][^a-z]*)((?:
(?![^\S
]*[A-Z][^a-z
]*$).*)*)$",264622,38,1.397023493371349,Harry Potter and the Order of the Phoenix 12.0
5,13.0,-0.08068237156712953,0.2547311893927957,-0.03748989215217678,-0.04363479235143759,0.12509969297074977,-0.2683251168809259,0.038574064984999254,-0.012844587471436594,-0.029049417479371172,-0.10329686323119738,Harry Potter and the Order of the Phoenix,"^[^\S
]*([A-Z][^a-z]*)((?:
(?![^\S
]*[A-Z][^a-z
]*$).*)*)$",264622,38,1.397023493371349,Harry Potter and the Order of the Phoenix 13.0
5,14.0,-0.03898303984175741,0.20572452462484375,-0.10009622709408328,0.15376641235533353,-0.0006046084488882629,-0.1510883903363491,-0.002580988348199394,0.0946244038472841,0.013269042966904863,-0.09915467744709601,Harry Potter and the Order of the Phoenix,"^[^\S
]*([A-Z][^a-z]*)((?:
(?![^\S
]*[A-Z][^a-z
]*$).*)*)$",264622,38,1.397023493371349,Harry Potter and the Order of the Phoenix 14.0
5,15.0,-0.099030869847468,0.30479152818261485,-0.059041198530793516,-0.16592809736551314,0.22936149854774845,-0.25177487834763235,0.0681994527388153,0.054407236431071385,0.007986989107594598,-0.035759571110971416,Harry Potter and the Order of the Phoenix,"^[^\S
]*([A-Z][^a-z]*)((?:
(?![^\S
]*[A-Z][^a-z
]*$).*)*)$",264622,38,1.397023493371349,Harry Potter and the Order of the Phoenix 15.0
5,16.0,-0.02387874504103931,0.13938466666648247,-0.15087080008853102,-0.06586092001602999,0.054312453376001574,-0.12956585397378628,-0.11317050699928663,-0.11243080423147747,-0.081465145716327,-0.08049542714949343,Harry Potter and the Order of the Phoenix,"^[^\S
]*([A-Z][^a-z]*)((?:
(?![^\S
]*[A-Z][^a-z
]*$).*)*)$",264622,38,1.397023493371349,Harry Potter and the Order of the Phoenix 16.0
5,17.0,-0.11310299338034387,0.3288202875049719,0.040271239572272924,-0.005694583348020581,0.1313919854687374,-0.16922322525390734,-0.01958237030892844,0.03500943372931114,0.03436225003424494,0.035759069447523884,Harry Potter and the Order of the Phoenix,"^[^\S
]*([A-Z][^a-z]*)((?:
(?![^\S
]*[A-Z][^a-z
]*$).*)*)$",264622,38,1.397023493371349,Harry Potter and the Order of the Phoenix 17.0
5,18.0,-0.013876810913011406,0.3279091931846811,0.17178098218136345,-0.12678385516224683,-0.23443908549889614,0.18402378368494257,0.07190925992099942,0.059464267419470876,-0.08061092266707065,-0.04933646039333366,Harry Potter and the Order of the Phoenix,"^[^\S
]*([A-Z][^a-z]*)((?:
(?![^\S
]*[A-Z][^a-z
]*$).*)*)$",264622,38,1.397023493371349,Harry Potter and the Order of the Phoenix 18.0
5,19.0,-0.07701618337373067,0.2259080336019932,0.31569205025008334,0.3452244876145594,-0.10558114753559913,-0.1304697366986033,-0.07404676607685995,-0.14307790191267997,0.09199537284449069,-0.007849037943695061,Harry Potter and the Order of the Phoenix,"^[^\S
]*([A-Z][^a-z]*)((?:
(?![^\S
]*[A-Z][^a-z
]*$).*)*)$",264622,38,1.397023493371349,Harry Potter and the Order of the Phoenix 19.0
5,20.0,-0.6594490314230238,-0.4151924748212321,-0.0855870025011392,-0.07730057538352879,-0.08446925497147859,0.05455436687995637,0.016922702775586287,0.05100698954281655,-0.01856377389825865,0.13632272535196746,Harry Potter and the Order of the Phoenix,"^[^\S
]*([A-Z][^a-z]*)((?:
(?![^\S
]*[A-Z][^a-z
]*$).*)*)$",264622,38,1.397023493371349,Harry Potter and the Order of the Phoenix 20.0
5,21.0,-0.3073826138734007,-0.07739628723545072,0.012975724790071117,-0.1212422767846301,0.1330323494144472,-0.14472678171607628,0.04974382363690273,0.08452562239695098,0.11328694003218832,-0.1434055088498867,Harry Potter and the Order of the Phoenix,"^[^\S
]*([A-Z][^a-z]*)((?:
(?![^\S
]*[A-Z][^a-z
]*$).*)*)$",264622,38,1.397023493371349,Harry Potter and the Order of the Phoenix 21.0
5,22.0,0.16815776180686334,-0.0366720224907139,-0.04699221749813777,-0.020601565382950382,0.11325212149402228,-0.032824265791996154,0.16927906428322187,0.02162790300519231,0.21195596382319026,-0.03842884393850085,Harry Potter and the Order of the Phoenix,"^[^\S
]*([A-Z][^a-z]*)((?:
(?![^\S
]*[A-Z][^a-z
]*$).*)*)$",264622,38,1.397023493371349,Harry Potter and the Order of the Phoenix 22.0
5,23.0,0.1674948322425552,-0.0038650501388977267,-0.16707328512908973,0.032938006927924,0.05966332741003545,-0.016394714749680902,0.1168198745578747,0.020036055787705842,0.26761016020949535,-0.04695908654115154,Harry Potter and the Order of the Phoenix,"^[^\S
]*([A-Z][^a-z]*)((?:
(?![^\S
]*[A-Z][^a-z
]*$).*)*)$",264622,38,1.397023493371349,Harry Potter and the Order of the Phoenix 23.0
5,24.0,0.14975035610779486,0.07126312629084185,0.0018109125020155763,-0.1721400416577122,-0.0011088760369368533,-0.02160801769922986,0.14669214604446734,0.028519709163009485,0.09795123277796547,-0.042045166885403315,Harry Potter and the Order of the Phoenix,"^[^\S
]*([A-Z][^a-z]*)((?:
(?![^\S
]*[A-Z][^a-z
]*$).*)*)$",264622,38,1.397023493371349,Harry Potter and the Order of the Phoenix 24.0
5,25.0,-0.1393405307623748,0.06101631930007171,-0.1763214007089861,-0.10579381455600922,0.03159725426929873,-0.1383824521523301,-0.1321731115434635,-0.045472310437072117,-0.025485262487358443,-0.041599041220743,Harry Potter and the Order of the Phoenix,"^[^\S
]*([A-Z][^a-z]*)((?:
(?![^\S
]*[A-Z][^a-z
]*$).*)*)$",264622,38,1.397023493371349,Harry Potter and the Order of the Phoenix 25.0
5,26.0,0.025608320673730065,0.1143717967136196,-0.02474501048079486,0.033649380002653745,0.0272059137190304,-0.1378899837903153,-0.06269628583601829,-0.03511389161219327,0.05829950569006955,-0.03670022191524744,Harry Potter and the Order of the Phoenix,"^[^\S
]*([A-Z][^a-z]*)((?:
(?![^\S
]*[A-Z][^a-z
]*$).*)*)$",264622,38,1.397023493371349,Harry Potter and the Order of the Phoenix 26.0
5,27.0,0.006118244010042639,0.13090719430326603,0.05834274161482672,-0.17460824325304772,0.05328059217741712,-0.054633468963989004,-0.051547905066720426,0.02385518195901101,-0.08079733237976092,-0.15007725135423722,Harry Potter and the Order of the Phoenix,"^[^\S
]*([A-Z][^a-z]*)((?:
(?![^\S
]*[A-Z][^a-z
]*$).*)*)$",264622,38,1.397023493371349,Harry Potter and the Order of the Phoenix 27.0
5,28.0,-0.025161285133134814,0.2163530560567021,0.07736616526490804,-0.03888735131572442,0.11487138238017994,-0.08835523911849455,-0.002392872437359559,-0.02770372473556132,-0.09816487229604165,-0.06704062565700263,Harry Potter and the Order of the Phoenix,"^[^\S
]*([A-Z][^a-z]*)((?:
(?![^\S
]*[A-Z][^a-z
]*$).*)*)$",264622,38,1.397023493371349,Harry Potter and the Order of the Phoenix 28.0
5,29.0,-0.009212973758605612,0.21592511441589113,-0.05616848491434455,-0.09548666938347691,0.17566102311879575,-0.16154313740807297,-0.003325117499719414,-0.07585370358001882,-0.058480476159343125,-0.0035252016174989707,Harry Potter and the Order of the Phoenix,"^[^\S
]*([A-Z][^a-z]*)((?:
(?![^\S
]*[A-Z][^a-z
]*$).*)*)$",264622,38,1.397023493371349,Harry Potter and the Order of the Phoenix 29.0
5,30.0,-0.6288403494533653,-0.4194991440195014,0.014389475128424953,-0.08684913213240339,-0.04360656021020273,0.02177126762612585,-0.02154705754935312,0.04048139173148473,0.07456764151988354,-0.066351064294082,Harry Potter and the Order of the Phoenix,"^[^\S
]*([A-Z][^a-z]*)((?:
(?![^\S
]*[A-Z][^a-z
]*$).*)*)$",264622,38,1.397023493371349,Harry Potter and the Order of the Phoenix 30.0
5,31.0,-0.06935613967943378,0.1269263996530745,0.010941424433354642,-0.03344909400528725,0.1507661661347912,-0.22193996830721885,0.03212413238955385,-0.11581481674783553,-0.09321306889412179,-0.14014005508718722,Harry Potter and the Order of the Phoenix,"^[^\S
]*([A-Z][^a-z]*)((?:
(?![^\S
]*[A-Z][^a-z
]*$).*)*)$",264622,38,1.397023493371349,Harry Potter and the Order of the Phoenix 31.0
5,32.0,0.09983428564925817,0.005673498137967598,0.059941531603532605,-0.06805759288079448,0.08416587924661272,-0.026074268075255348,-0.15091278115453527,0.00633247561396031,-0.043720647055734016,0.17328684441341036,Harry Potter and the Order of the Phoenix,"^[^\S
]*([A-Z][^a-z]*)((?:
(?![^\S
]*[A-Z][^a-z
]*$).*)*)$",264622,38,1.397023493371349,Harry Potter and the Order of the Phoenix 32.0
5,33.0,0.028674927742374894,-0.2123344338275921,0.2121097036807628,0.06749623728822282,0.05596027057027207,-0.05489665771049259,0.03577768562238809,0.03163726708231667,-0.02576785646230287,-0.36899023146503007,Harry Potter and the Order of the Phoenix,"^[^\S
]*([A-Z][^a-z]*)((?:
(?![^\S
]*[A-Z][^a-z
]*$).*)*)$",264622,38,1.397023493371349,Harry Potter and the Order of the Phoenix 33.0
5,34.0,0.1347938087572378,-0.04877089760622538,0.10979295570850463,0.05018549739048752,0.14960040507296382,0.03138689388693602,0.032720290999313145,-0.04445947560410801,-0.17960164827574485,-0.05293073148001587,Harry Potter and the Order of the Phoenix,"^[^\S
]*([A-Z][^a-z]*)((?:
(?![^\S
]*[A-Z][^a-z
]*$).*)*)$",264622,38,1.397023493371349,Harry Potter and the Order of the Phoenix 34.0
5,35.0,0.17316826021859796,-0.15028932301961134,0.22694917737222856,0.10487324652576,0.09850406606874454,-0.027864979243831363,0.06663027178047937,-0.034391715515833615,-0.19799117432772084,0.001991564246724165,Harry Potter and the Order of the Phoenix,"^[^\S
]*([A-Z][^a-z]*)((?:
(?![^\S
]*[A-Z][^a-z
]*$).*)*)$",264622,38,1.397023493371349,Harry Potter and the Order of the Phoenix 35.0
5,36.0,0.2375949081737999,-0.2263249778284183,0.21781406005680223,0.006382403242072297,0.023040043456650065,-0.02169930547186674,0.08571900650062955,0.0021042173933492683,-0.03329697138012254,0.07914261814263204,Harry Potter and the Order of the Phoenix,"^[^\S
]*([A-Z][^a-z]*)((?:
(?![^\S
]*[A-Z][^a-z
]*$).*)*)$",264622,38,1.397023493371349,Harry Potter and the Order of the Phoenix 36.0
5,37.0,0.22202347415383045,-0.15586213847011846,0.03775521358529289,-0.12155644773471772,-0.03886463535203252,-0.14191566306841283,-0.266111020861048,-0.03251502447801119,0.10476914638031141,0.07390910979857765,Harry Potter and the Order of the Phoenix,"^[^\S
]*([A-Z][^a-z]*)((?:
(?![^\S
]*[A-Z][^a-z
]*$).*)*)$",264622,38,1.397023493371349,Harry Potter and the Order of the Phoenix 37.0
5,38.0,-0.12551331761876058,-0.033026311629680234,-0.046308971306488325,-0.07465050065140363,0.06876664082464745,0.1561119408478665,-0.15622263613174595,-0.05384450418449484,0.050998095243635716,-0.05335645539597613,Harry Potter and the Order of the Phoenix,"^[^\S
]*([A-Z][^a-z]*)((?:
(?![^\S
]*[A-Z][^a-z
]*$).*)*)$",264622,38,1.397023493371349,Harry Potter and the Order of the Phoenix 38.0
6,1.0,0.0639774029391877,0.015462956338291459,-0.06735392682350533,-0.05555166876769328,0.016703446758957713,-0.0808290706564997,-0.18069221977508446,-0.0022609248332055858,-0.021125992882693952,-0.04005717275685937,Harry Potter and the Half-Blood Prince,"^[^\S
]*([A-Z][^a-z]*)((?:
(?![^\S
]*[A-Z][^a-z
]*$).*)*)$",174090,30,1.1627060266656144,Harry Potter and the Half-Blood Prince 1.0
6,2.0,0.19972984800250898,-0.17708627460530246,0.00012245512054155118,-0.03987386840466636,-0.06747252450246033,-0.0654187823561901,-0.13671642639080545,-0.02565710481028759,-0.0009891895910216757,0.12723035071644664,Harry Potter and the Half-Blood Prince,"^[^\S
]*([A-Z][^a-z]*)((?:
(?![^\S
]*[A-Z][^a-z
]*$).*)*)$",174090,30,1.1627060266656144,Harry Potter and the Half-Blood Prince 2.0
6,3.0,0.17390647979156992,0.00835629426102178,-0.2397535035028167,0.0005651481660184782,-0.1224211414432102,0.059856336184011504,0.023195509681563517,0.04105663587303958,0.01771601553772878,0.017568483091013658,Harry Potter and the Half-Blood Prince,"^[^\S
]*([A-Z][^a-z]*)((?:
(?![^\S
]*[A-Z][^a-z
]*$).*)*)$",174090,30,1.1627060266656144,Harry Potter and the Half-Blood Prince 3.0
6,4.0,0.10922802185187053,0.05699457927689727,-0.07244219155041108,-0.15678080229471378,-0.10556316109993111,0.0760319739078494,-0.04994575139857746,-0.03962754043523871,-0.06049316778585218,-0.1017289522269964,Harry Potter and the Half-Blood Prince,"^[^\S
]*([A-Z][^a-z]*)((?:
(?![^\S
]*[A-Z][^a-z
]*$).*)*)$",174090,30,1.1627060266656144,Harry Potter and the Half-Blood Prince 4.0
6,5.0,0.06264288917954994,0.1134734060872062,-0.2731592032285488,0.026783987211725955,0.033706506632807005,-0.08975469899188179,0.06688058112768491,-0.06193884090384949,-0.06354634648806115,-0.010394413518320995,Harry Potter and the Half-Blood Prince,"^[^\S
]*([A-Z][^a-z]*)((?:
(?![^\S
]*[A-Z][^a-z
]*$).*)*)$",174090,30,1.1627060266656144,Harry Potter and the Half-Blood Prince 5.0
6,6.0,-0.058392683415777136,-0.008850239398113021,-0.19329900114373333,-0.02503716353058999,-0.056369791991171314,0.061310594205446496,-0.0031770704413954833,-0.12852433402272517,-0.09470075261060552,0.03889654800260497,Harry Potter and the Half-Blood Prince,"^[^\S
]*([A-Z][^a-z]*)((?:
(?![^\S
]*[A-Z][^a-z
]*$).*)*)$",174090,30,1.1627060266656144,Harry Potter and the Half-Blood Prince 6.0
6,7.0,0.045623562391039596,0.08498861194157399,-0.220547280494874,0.14259419309011842,0.2612272625529717,0.2944946460263977,-0.09507346252535412,-0.11107031859951413,0.1426679769387306,-0.09775599866667811,Harry Potter and the Half-Blood Prince,"^[^\S
]*([A-Z][^a-z]*)((?:
(?![^\S
]*[A-Z][^a-z
]*$).*)*)$",174090,30,1.1627060266656144,Harry Potter and the Half-Blood Prince 7.0
6,8.0,-0.1138220511260181,-0.041603938094404595,-0.06128860487557012,0.019765962619647713,0.2627153514664261,0.2670331560501878,-0.10813359920426086,-0.12584480943521398,0.12108153521092177,-0.05987968513514583,Harry Potter and the Half-Blood Prince,"^[^\S
]*([A-Z][^a-z]*)((?:
(?![^\S
]*[A-Z][^a-z
]*$).*)*)$",174090,30,1.1627060266656144,Harry Potter and the Half-Blood Prince 8.0
6,9.0,-0.056039391548798854,0.351515675064678,-0.0038539941137180553,-0.23867707644057515,0.05569564100030315,-0.13276627811261651,0.1271074209260777,-0.06004363181394215,-0.0775925308276626,0.07803128374749835,Harry Potter and the Half-Blood Prince,"^[^\S
]*([A-Z][^a-z]*)((?:
(?![^\S
]*[A-Z][^a-z
]*$).*)*)$",174090,30,1.1627060266656144,Harry Potter and the Half-Blood Prince 9.0
6,10.0,0.1537265803043864,0.07885392284038248,0.07138010020881319,-0.29420232669936336,-0.189481598588022,0.16111893088818166,0.04773160442070311,0.034342492800802836,0.03492466398049225,-0.17663667895774704,Harry Potter and the Half-Blood Prince,"^[^\S
]*([A-Z][^a-z]*)((?:
(?![^\S
]*[A-Z][^a-z
]*$).*)*)$",174090,30,1.1627060266656144,Harry Potter and the Half-Blood Prince 10.0
6,11.0,-0.3735027140612949,0.03091399986987865,-0.02170283336672993,0.06802648746970721,-0.08246705929445725,-0.03238287123539199,-0.052556425263316,-0.08222884943641784,0.10527605387691752,-0.01205483604342223,Harry Potter and the Half-Blood Prince,"^[^\S
]*([A-Z][^a-z]*)((?:
(?![^\S
]*[A-Z][^a-z
]*$).*)*)$",174090,30,1.1627060266656144,Harry Potter and the Half-Blood Prince 11.0
6,12.0,0.006710004758520396,0.0638285916888897,-0.03998672965672524,-0.013338370520274723,-0.005939154911386801,-0.1096877490691973,-0.04426699421939658,-0.13008250488693926,-0.06746884431125957,0.007082127197789036,Harry Potter and the Half-Blood Prince,"^[^\S
]*([A-Z][^a-z]*)((?:
(?![^\S
]*[A-Z][^a-z
]*$).*)*)$",174090,30,1.1627060266656144,Harry Potter and the Half-Blood Prince 12.0
6,13.0,0.10171993433075925,0.1576317905277249,-0.048291329824904694,-0.2504901173932994,-0.1818465794994033,0.20927366739237582,-0.07277356227773664,-0.006003168296688587,-0.0547658771004818,-0.08779487405755326,Harry Potter and the Half-Blood Prince,"^[^\S
]*([A-Z][^a-z]*)((?:
(?![^\S
]*[A-Z][^a-z
]*$).*)*)$",174090,30,1.1627060266656144,Harry Potter and the Half-Blood Prince 13.0
6,14.0,-0.08694725645656966,0.21670891611523901,0.2795828441451561,0.3103556176422416,-0.1863099686014821,-0.12340816618822473,-0.0924229717040477,-0.14291002588754978,0.12779046657386497,0.05801294855353378,Harry Potter and the Half-Blood Prince,"^[^\S
]*([A-Z][^a-z]*)((?:
(?![^\S
]*[A-Z][^a-z
]*$).*)*)$",174090,30,1.1627060266656144,Harry Potter and the Half-Blood Prince 14.0
6,15.0,-0.02649391577890846,0.21891823701590046,-0.019551541890483266,-0.1690494393866435,0.06836057066585627,-0.13848898437917537,-0.07446105439529935,-0.15945151813640351,0.037852270661173394,0.008637842579686267,Harry Potter and the Half-Blood Prince,"^[^\S
]*([A-Z][^a-z]*)((?:
(?![^\S
]*[A-Z][^a-z
]*$).*)*)$",174090,30,1.1627060266656144,Harry Potter and the Half-Blood Prince 15.0
6,16.0,0.1046923605150247,0.05952373761323662,-0.20463684461896878,0.0010149385910109207,-0.07303932988579723,-0.048360742368779186,-0.014718217114463293,-0.14647952980017215,0.08167624113264298,0.0204909811088262,Harry Potter and the Half-Blood Prince,"^[^\S
]*([A-Z][^a-z]*)((?:
(?![^\S
]*[A-Z][^a-z
]*$).*)*)$",174090,30,1.1627060266656144,Harry Potter and the Half-Blood Prince 16.0
6,17.0,0.08995004606893012,0.1608807466340555,-0.02104756722930044,-0.2915120443202218,-0.13169157828119904,0.12032086889010529,-0.09180541192801604,-0.06937551153463194,-0.017586949560513262,-0.08172260996269709,Harry Potter and the Half-Blood Prince,"^[^\S
]*([A-Z][^a-z]*)((?:
(?![^\S
]*[A-Z][^a-z
]*$).*)*)$",174090,30,1.1627060266656144,Harry Potter and the Half-Blood Prince 17.0
6,18.0,0.01872635543745242,0.24470817489800734,-0.002167097234608558,-0.20010641484600694,0.04041661592761259,-0.042109566964786106,0.07164276130834242,-0.03540935593527699,0.013947438419786486,0.07275904495156815,Harry Potter and the Half-Blood Prince,"^[^\S
]*([A-Z][^a-z]*)((?:
(?![^\S
]*[A-Z][^a-z
]*$).*)*)$",174090,30,1.1627060266656144,Harry Potter and the Half-Blood Prince 18.0
6,19.0,-0.3713874908277481,-0.0669621944035572,0.1756939686819671,0.06334719377181469,-0.09480160728990121,-0.06008620889168953,-0.14113899889741074,-0.009983439987030197,0.16920842354647606,0.21694972645040744,Harry Potter and the Half-Blood Prince,"^[^\S
]*([A-Z][^a-z]*)((?:
(?![^\S
]*[A-Z][^a-z
]*$).*)*)$",174090,30,1.1627060266656144,Harry Potter and the Half-Blood Prince 19.0
6,20.0,0.05584703271890165,0.19605572179945208,0.004301898262666571,-0.2930912462130379,-0.1370284583293156,0.1539800914370053,-0.16173383550250225,-0.08008433336825549,0.039115139826978035,-0.07184215443068162,Harry Potter and the Half-Blood Prince,"^[^\S
]*([A-Z][^a-z]*)((?:
(?![^\S
]*[A-Z][^a-z
]*$).*)*)$",174090,30,1.1627060266656144,Harry Potter and the Half-Blood Prince 20.0
6,21.0,-0.003186307266405581,0.21759008643359676,0.0058325957961511705,-0.236957217163969,-0.013325797819594242,-0.09242688512439381,-0.12244390915776952,0.03676653850652946,0.04320043646242879,0.006665842744546367,Harry Potter and the Half-Blood Prince,"^[^\S
]*([A-Z][^a-z]*)((?:
(?![^\S
]*[A-Z][^a-z
]*$).*)*)$",174090,30,1.1627060266656144,Harry Potter and the Half-Blood Prince 21.0
6,22.0,-0.2702094971567275,-0.11934415165750588,-0.022287760665935512,-0.20101574613287052,-0.07715671508715856,-0.002903301781142153,-0.006415999274547286,-0.04945429061784638,0.07373609483163213,-0.039082430291153575,Harry Potter and the Half-Blood Prince,"^[^\S
]*([A-Z][^a-z]*)((?:
(?![^\S
]*[A-Z][^a-z
]*$).*)*)$",174090,30,1.1627060266656144,Harry Potter and the Half-Blood Prince 22.0
6,23.0,0.16243766896420844,0.07941279555411034,0.10241221381662838,-0.3990884354870001,-0.2860627343775193,0.19269138043282996,-0.10060980024713168,-0.03629583170898105,0.10599342366558252,-0.0399153986010514,Harry Potter and the Half-Blood Prince,"^[^\S
]*([A-Z][^a-z]*)((?:
(?![^\S
]*[A-Z][^a-z
]*$).*)*)$",174090,30,1.1627060266656144,Harry Potter and the Half-Blood Prince 23.0
6,24.0,-0.04109396792882607,0.2296795451214223,0.18594117332432356,0.0650021192135269,-0.13513294129630468,-0.10669218767236754,-0.023005260342682157,-0.21020770957898074,0.06365632031331674,-0.00423122232788061,Harry Potter and the Half-Blood Prince,"^[^\S
]*([A-Z][^a-z]*)((?:
(?![^\S
]*[A-Z][^a-z
]*$).*)*)$",174090,30,1.1627060266656144,Harry Potter and the Half-Blood Prince 24.0
6,25.0,0.06272551689915298,0.09223491110356097,0.03826979913116789,-0.14281480114904482,0.002113994314215422,-0.03835155726160451,-0.0912341016423423,-0.11364687096993628,-0.009016679793421207,0.03899960264562223,Harry Potter and the Half-Blood Prince,"^[^\S
]*([A-Z][^a-z]*)((?:
(?![^\S
]*[A-Z][^a-z
]*$).*)*)$",174090,30,1.1627060266656144,Harry Potter and the Half-Blood Prince 25.0
6,26.0,0.11648526618494531,-0.03833741729065917,0.21413052150010944,-0.17690785410406354,-0.03497249369020759,0.24147377028994135,0.1352299410765706,0.041363317864532206,-0.27062531107252563,0.056413065737154426,Harry Potter and the Half-Blood Prince,"^[^\S
]*([A-Z][^a-z]*)((?:
(?![^\S
]*[A-Z][^a-z
]*$).*)*)$",174090,30,1.1627060266656144,Harry Potter and the Half-Blood Prince 26.0
6,27.0,0.10002328104463062,-0.06486046907303172,0.14202777574974906,-0.02972809905324382,-0.13564108873822375,0.05202645560280008,-0.03983392492575605,-0.013382792168371077,-0.13239524949865777,0.052198039690273965,Harry Potter and the Half-Blood Prince,"^[^\S
]*([A-Z][^a-z]*)((?:
(?![^\S
]*[A-Z][^a-z
]*$).*)*)$",174090,30,1.1627060266656144,Harry Potter and the Half-Blood Prince 27.0
6,28.0,-0.13619030038032084,-0.3574226255568856,0.17198218524716308,0.05839926564613489,0.009708248372130378,0.0445171627515132,-0.0021761451956896936,-0.0368790268157989,-0.14910847111253508,0.11874974711091218,Harry Potter and the Half-Blood Prince,"^[^\S
]*([A-Z][^a-z]*)((?:
(?![^\S
]*[A-Z][^a-z
]*$).*)*)$",174090,30,1.1627060266656144,Harry Potter and the Half-Blood Prince 28.0
6,29.0,-0.003396461802376076,-0.0921461598997924,0.06446841674128266,-0.09442113798707726,0.09876609996061983,-0.0262106454490794,-0.17958837830616092,-0.04453148185358017,0.03146415632481601,0.11217392706540055,Harry Potter and the Half-Blood Prince,"^[^\S
]*([A-Z][^a-z]*)((?:
(?![^\S
]*[A-Z][^a-z
]*$).*)*)$",174090,30,1.1627060266656144,Harry Potter and the Half-Blood Prince 29.0
6,30.0,0.05441250680666828,-0.044352185903393196,0.06196026389175737,-0.08187413655916488,0.11603275557004022,-0.015420911168041417,-0.005019843671528304,-0.22000094068174114,-0.006823202943236201,-0.15088179780764063,Harry Potter and the Half-Blood Prince,"^[^\S
]*([A-Z][^a-z]*)((?:
(?![^\S
]*[A-Z][^a-z
]*$).*)*)$",174090,30,1.1627060266656144,Harry Potter and the Half-Blood Prince 30.0
7,1.0,0.2235077726780972,-0.22724279178779314,0.10932468217599198,-0.05244560460351064,0.02233472447091238,-0.03854863776552391,0.11181214868068694,-0.11689043409587643,0.14207914715974762,-0.08119595363839477,Harry Potter and the Deathly Hallows,"^[^\S
]*([A-Z][^a-z]*)((?:
(?![^\S
]*[A-Z][^a-z
]*$).*)*)$",203859,37,0.802756616432195,Harry Potter and the Deathly Hallows 1.0
7,2.0,0.0951934932120655,-0.010022159053216238,-0.21437955462743843,-0.019862752356799945,-0.11868028295891955,-0.012577324935046187,-0.030752217309054697,-0.16323690829522397,0.0018471626260587737,-0.03447709835462698,Harry Potter and the Deathly Hallows,"^[^\S
]*([A-Z][^a-z]*)((?:
(?![^\S
]*[A-Z][^a-z
]*$).*)*)$",203859,37,0.802756616432195,Harry Potter and the Deathly Hallows 2.0
7,3.0,0.14949751720835663,-0.053182674857907196,-0.09194913045218862,0.02023826437262585,-0.06262229888930149,0.010950213422644666,-0.16464672382176357,0.026059118894430584,-0.006373879160915525,-0.0005293043684528849,Harry Potter and the Deathly Hallows,"^[^\S
]*([A-Z][^a-z]*)((?:
(?![^\S
]*[A-Z][^a-z
]*$).*)*)$",203859,37,0.802756616432195,Harry Potter and the Deathly Hallows 3.0
7,4.0,0.037400426393173265,-0.16241572842847726,0.05130735080036215,0.2047784935289161,-0.06162855704894324,-0.022445292673694408,0.1104800180072901,-0.0415060263096536,-0.13722485459940834,0.057891689431484136,Harry Potter and the Deathly Hallows,"^[^\S
]*([A-Z][^a-z]*)((?:
(?![^\S
]*[A-Z][^a-z
]*$).*)*)$",203859,37,0.802756616432195,Harry Potter and the Deathly Hallows 4.0
7,5.0,0.09995732548102143,-0.20266277442700292,-0.017567870707392023,0.12478812290660025,-0.1184489232472161,-0.07284226704855185,0.013860027014442312,-0.06527349925011723,-0.07682462793079803,0.021443927400044555,Harry Potter and the Deathly Hallows,"^[^\S
]*([A-Z][^a-z]*)((?:
(?![^\S
]*[A-Z][^a-z
]*$).*)*)$",203859,37,0.802756616432195,Harry Potter and the Deathly Hallows 5.0
7,6.0,0.12690044996904926,-0.005779156301373182,-0.1496915006817666,-0.026838441050977928,-0.07724461515200307,-0.10208396153234582,-0.03890783466918352,-0.17344718326325095,0.015930595925717047,0.010746662192948796,Harry Potter and the Deathly Hallows,"^[^\S
]*([A-Z][^a-z]*)((?:
(?![^\S
]*[A-Z][^a-z
]*$).*)*)$",203859,37,0.802756616432195,Harry Potter and the Deathly Hallows 6.0
7,7.0,-0.06386087486987613,-0.037708664404767306,-0.170878242696323,0.053111741585479,-0.10157487496181448,-0.052515390624331956,0.02745788995022834,-0.19423888321055946,0.01541355590783206,-0.030910045236676363,Harry Potter and the Deathly Hallows,"^[^\S
]*([A-Z][^a-z]*)((?:
(?![^\S
]*[A-Z][^a-z
]*$).*)*)$",203859,37,0.802756616432195,Harry Potter and the Deathly Hallows 7.0
7,8.0,0.1112927185253905,0.01004099994653346,-0.0418738997056196,0.006639906090769895,0.06102705967801414,0.03847933399606677,-0.06369680798322776,-0.18615163629411358,0.03360588634735152,-0.05395438852853168,Harry Potter and the Deathly Hallows,"^[^\S
]*([A-Z][^a-z]*)((?:
(?![^\S
]*[A-Z][^a-z
]*$).*)*)$",203859,37,0.802756616432195,Harry Potter and the Deathly Hallows 8.0
7,9.0,0.20812719719548667,-0.18264028524524883,0.07039289179648059,0.052640453428082906,0.02153714028911771,-0.0026884169631189916,0.07225457756562112,-0.08915958688300925,-0.21063476120709387,0.04567020244644563,Harry Potter and the Deathly Hallows,"^[^\S
]*([A-Z][^a-z]*)((?:
(?![^\S
]*[A-Z][^a-z
]*$).*)*)$",203859,37,0.802756616432195,Harry Potter and the Deathly Hallows 9.0
7,10.0,0.220016587027476,-0.09014879149549254,-0.09751287637156138,-0.04142094986890714,-0.1989066725790877,-0.08804712930945391,-0.03330338421822394,0.1255924965870918,0.12453440615627824,0.28765097390350686,Harry Potter and the Deathly Hallows,"^[^\S
]*([A-Z][^a-z]*)((?:
(?![^\S
]*[A-Z][^a-z
]*$).*)*)$",203859,37,0.802756616432195,Harry Potter and the Deathly Hallows 10.0
7,11.0,0.21788194251618279,-0.11599143048529545,-0.13207154278121502,-0.007622696970941937,-0.13191963588811353,-0.10530584574620826,-0.07491213854177962,-0.06027942126963902,0.03827799829272085,0.1329469168692146,Harry Potter and the Deathly Hallows,"^[^\S
]*([A-Z][^a-z]*)((?:
(?![^\S
]*[A-Z][^a-z
]*$).*)*)$",203859,37,0.802756616432195,Harry Potter and the Deathly Hallows 11.0
7,12.0,0.16378502757661081,-0.008027640040121416,-0.15004912988510044,0.014037432297499392,0.009570630568579394,-0.05011320186669462,-0.01597423285030511,-0.09123058185806068,-0.045728148444857675,0.1237890350079991,Harry Potter and the Deathly Hallows,"^[^\S
]*([A-Z][^a-z]*)((?:
(?![^\S
]*[A-Z][^a-z
]*$).*)*)$",203859,37,0.802756616432195,Harry Potter and the Deathly Hallows 12.0
7,13.0,0.149960820674187,-0.0629884101570522,-0.0006241640257116932,0.05676467029073197,0.1404598809476039,-0.007210773905878657,-0.2250005936963832,0.18926353242598434,-0.13984535212355467,-0.08478184410758988,Harry Potter and the Deathly Hallows,"^[^\S
]*([A-Z][^a-z]*)((?:
(?![^\S
]*[A-Z][^a-z
]*$).*)*)$",203859,37,0.802756616432195,Harry Potter and the Deathly Hallows 13.0
7,14.0,0.14360652425087167,-0.13067838348885338,0.026347998043585258,-0.014687229924176433,-0.0057374085708987235,-0.07099166520458337,0.0485717324696774,-0.009421007953731946,0.0009635602107894245,-0.12782487557733113,Harry Potter and the Deathly Hallows,"^[^\S
]*([A-Z][^a-z]*)((?:
(?![^\S
]*[A-Z][^a-z
]*$).*)*)$",203859,37,0.802756616432195,Harry Potter and the Deathly Hallows 14.0
7,15.0,0.13576774454203258,-0.10220498463111886,0.01673799168045657,-0.016634402694744796,0.018286168642975942,-0.12132131420575935,-0.14625987684597774,0.031804599180031035,0.022939471538622875,-0.1308405588768326,Harry Potter and the Deathly Hallows,"^[^\S
]*([A-Z][^a-z]*)((?:
(?![^\S
]*[A-Z][^a-z
]*$).*)*)$",203859,37,0.802756616432195,Harry Potter and the Deathly Hallows 15.0
7,16.0,0.1597162623321809,-0.04448727106510097,-0.06752616271277655,-0.07324725260853973,-0.03180794168549202,-0.10360523351696399,-0.08447313872196685,-0.1670906227132627,-0.0003174324894502818,-0.10266819398136734,Harry Potter and the Deathly Hallows,"^[^\S
]*([A-Z][^a-z]*)((?:
(?![^\S
]*[A-Z][^a-z
]*$).*)*)$",203859,37,0.802756616432195,Harry Potter and the Deathly Hallows 16.0
7,17.0,0.27330602880677013,-0.26343624722488046,0.16015555685552516,-0.037996248379794983,0.07947362904446571,-0.05925055613491179,0.3424656677634635,0.043990258229969444,0.31770471268741857,-0.03630904294755492,Harry Potter and the Deathly Hallows,"^[^\S
]*([A-Z][^a-z]*)((?:
(?![^\S
]*[A-Z][^a-z
]*$).*)*)$",203859,37,0.802756616432195,Harry Potter and the Deathly Hallows 17.0
7,18.0,0.15748460538578266,-0.08362363665777728,-0.17242550206106874,-0.057981732523173506,-0.15291746349993887,-0.06835614343959212,-0.12869806629452876,-0.10425226422593695,0.09307644887092612,0.08229456158959461,Harry Potter and the Deathly Hallows,"^[^\S
]*([A-Z][^a-z]*)((?:
(?![^\S
]*[A-Z][^a-z
]*$).*)*)$",203859,37,0.802756616432195,Harry Potter and the Deathly Hallows 18.0
7,19.0,0.13972471585197468,-0.2110454902250296,0.164963767351187,-0.02601974297257735,0.06155438852995644,-0.05694883746570737,0.06305521459274391,0.003963157333047541,0.007082541674594404,-0.2414294746702494,Harry Potter and the Deathly Hallows,"^[^\S
]*([A-Z][^a-z]*)((?:
(?![^\S
]*[A-Z][^a-z
]*$).*)*)$",203859,37,0.802756616432195,Harry Potter and the Deathly Hallows 19.0
7,20.0,0.11060814460222086,-0.0009909178529509386,-0.11016695907292767,-0.0056999812803519585,-0.05355878693795998,-0.0982202436287012,0.027021588355718325,-0.12520096873167721,-0.04366763670231173,-0.11725594647577375,Harry Potter and the Deathly Hallows,"^[^\S
]*([A-Z][^a-z]*)((?:
(?![^\S
]*[A-Z][^a-z
]*$).*)*)$",203859,37,0.802756616432195,Harry Potter and the Deathly Hallows 20.0
7,21.0,0.16360413327532874,-0.09972918291723841,-0.10508068879207552,0.031149300547716842,-0.07807369700174138,-0.006379178172162671,-0.035815318173587095,-0.09046859452111249,-0.02417463206653251,0.159969989347809,Harry Potter and the Deathly Hallows,"^[^\S
]*([A-Z][^a-z]*)((?:
(?![^\S
]*[A-Z][^a-z
]*$).*)*)$",203859,37,0.802756616432195,Harry Potter and the Deathly Hallows 21.0
7,22.0,0.1806168277761003,-0.09798438830889326,-0.05825894962999021,-0.06927518857141252,-0.10464222255821728,-0.10969978204667212,-0.17826314318722733,-0.0811460444236845,0.029936582202034753,0.09258079907601852,Harry Potter and the Deathly Hallows,"^[^\S
]*([A-Z][^a-z]*)((?:
(?![^\S
]*[A-Z][^a-z
]*$).*)*)$",203859,37,0.802756616432195,Harry Potter and the Deathly Hallows 22.0
7,23.0,0.21860075857628297,-0.22057100458964013,0.16198116958645917,0.054842460189892535,0.01800677016720974,-0.04758146956601206,0.039755882460778234,-0.06870245812771962,-0.14281731127283356,0.0166443818600312,Harry Potter and the Deathly Hallows,"^[^\S
]*([A-Z][^a-z]*)((?:
(?![^\S
]*[A-Z][^a-z
]*$).*)*)$",203859,37,0.802756616432195,Harry Potter and the Deathly Hallows 23.0
7,24.0,0.20854114584374117,-0.1930610126868867,0.020646365732290346,-0.012582131449413269,-0.051872152062704194,-0.022419533539812474,0.008939714764008615,-0.11642534404073496,-0.10394653000534256,0.013301243687030817,Harry Potter and the Deathly Hallows,"^[^\S
]*([A-Z][^a-z]*)((?:
(?![^\S
]*[A-Z][^a-z
]*$).*)*)$",203859,37,0.802756616432195,Harry Potter and the Deathly Hallows 24.0
7,25.0,0.14725274446343922,-0.030856983410150092,-0.14535294984279842,-0.002162367352455584,-0.11455235263582392,-0.09404456470766083,0.031509396130720194,-0.13248358965082085,0.05398593538581466,0.036189144153172245,Harry Potter and the Deathly Hallows,"^[^\S
]*([A-Z][^a-z]*)((?:
(?![^\S
]*[A-Z][^a-z
]*$).*)*)$",203859,37,0.802756616432195,Harry Potter and the Deathly Hallows 25.0
7,26.0,0.07424011234679191,-0.15777892930021825,0.08731082769134349,0.030666007578872275,-0.012053303810337125,0.004427312652955335,0.1294527708311917,-0.2190913717421136,-0.336252237882978,-0.03338901989408907,Harry Potter and the Deathly Hallows,"^[^\S
]*([A-Z][^a-z]*)((?:
(?![^\S
]*[A-Z][^a-z
]*$).*)*)$",203859,37,0.802756616432195,Harry Potter and the Deathly Hallows 26.0
7,27.0,0.058384236329591305,-0.2002166437410297,0.12357736554931038,0.00727106316897704,-0.008561701152768662,0.02996158896152189,0.18357596488834504,-0.20475856024693093,-0.3128174106860597,-0.034328806428486784,Harry Potter and the Deathly Hallows,"^[^\S
]*([A-Z][^a-z]*)((?:
(?![^\S
]*[A-Z][^a-z
]*$).*)*)$",203859,37,0.802756616432195,Harry Potter and the Deathly Hallows 27.0
7,28.0,0.11644236555007444,-0.16581545532217784,-0.08703602460394814,0.06642576817263422,-0.06674682581775465,0.0283631766653281,-0.19296929405951166,0.05202841509621782,-0.15783966517648546,0.09741049890345622,Harry Potter and the Deathly Hallows,"^[^\S
]*([A-Z][^a-z]*)((?:
(?![^\S
]*[A-Z][^a-z
]*$).*)*)$",203859,37,0.802756616432195,Harry Potter and the Deathly Hallows 28.0
7,29.0,0.09572689432327836,-0.10396771880028735,0.06341793623515031,0.01281767409003774,0.08297917739626993,-0.015588394231250165,0.0021636709759806777,-0.09951088096958269,-0.04869144623687334,0.0011152544849687188,Harry Potter and the Deathly Hallows,"^[^\S
]*([A-Z][^a-z]*)((?:
(?![^\S
]*[A-Z][^a-z
]*$).*)*)$",203859,37,0.802756616432195,Harry Potter and the Deathly Hallows 29.0
7,30.0,0.12728548179543003,-0.08397304884349337,0.1358506442557948,0.0018488241633868498,0.08379479183894242,-0.027900608663638433,-0.0926505018380553,-0.09905432251750838,-0.08674476238767184,0.19762798255859693,Harry Potter and the Deathly Hallows,"^[^\S
]*([A-Z][^a-z]*)((?:
(?![^\S
]*[A-Z][^a-z
]*$).*)*)$",203859,37,0.802756616432195,Harry Potter and the Deathly Hallows 30.0
7,31.0,0.045998738622966835,-0.18663373230978006,0.1950907966023201,0.024600299702460842,0.0894028761387273,0.0015680800982827321,-0.03566313420257116,-0.09412012615517773,-0.08373689064082324,-0.00039516712510155334,Harry Potter and the Deathly Hallows,"^[^\S
]*([A-Z][^a-z]*)((?:
(?![^\S
]*[A-Z][^a-z
]*$).*)*)$",203859,37,0.802756616432195,Harry Potter and the Deathly Hallows 31.0
7,32.0,0.23584522238096717,-0.3155635878566379,0.2794040810821254,-0.04895020229562378,0.13117578053442544,-0.08526548283045182,0.13727046406336552,0.1221812559000901,0.2093612005802454,-0.015320311376734829,Harry Potter and the Deathly Hallows,"^[^\S
]*([A-Z][^a-z]*)((?:
(?![^\S
]*[A-Z][^a-z
]*$).*)*)$",203859,37,0.802756616432195,Harry Potter and the Deathly Hallows 32.0
7,33.0,0.17529129698829388,-0.1315978725523523,0.05733113690774788,-0.06158882321891443,0.045338289590678246,-0.06273879108415219,-0.15739474776729898,-0.05884342143302949,0.08292627694505843,-0.05890995297573284,Harry Potter and the Deathly Hallows,"^[^\S
]*([A-Z][^a-z]*)((?:
(?![^\S
]*[A-Z][^a-z
]*$).*)*)$",203859,37,0.802756616432195,Harry Potter and the Deathly Hallows 33.0
7,34.0,0.18030297117269778,-0.3015828974909007,0.21973965134700735,-0.0807387821797064,0.08208392751409829,-0.06987679139949543,0.06909310937823077,0.08041432439258644,0.23687663724895264,-0.185430537105383,Harry Potter and the Deathly Hallows,"^[^\S
]*([A-Z][^a-z]*)((?:
(?![^\S
]*[A-Z][^a-z
]*$).*)*)$",203859,37,0.802756616432195,Harry Potter and the Deathly Hallows 34.0
7,35.0,0.21190095828728023,-0.19660209247735405,0.012107056306463592,-0.12986748932273517,-0.12106747254230335,-0.01950892583361024,-0.22589274648934354,-0.11768938195473497,0.14675275531163132,0.09483166586590751,Harry Potter and the Deathly Hallows,"^[^\S
]*([A-Z][^a-z]*)((?:
(?![^\S
]*[A-Z][^a-z
]*$).*)*)$",203859,37,0.802756616432195,Harry Potter and the Deathly Hallows 35.0
7,36.0,0.17349375038409642,-0.28153661485738085,0.24275624585236097,-0.09418564773664505,0.04177943737282211,-0.044705453371692905,-0.0601807368810111,-0.004226923095194098,0.16438704052380876,0.084827947308049,Harry Potter and the Deathly Hallows,"^[^\S
]*([A-Z][^a-z]*)((?:
(?![^\S
]*[A-Z][^a-z
]*$).*)*)$",203859,37,0.802756616432195,Harry Potter and the Deathly Hallows 36.0
7,37.0,0.060165558101168665,0.0017199724141359722,-0.17726696481665188,0.21501593584978224,0.16016606956961335,0.3673194622566643,-0.08919620966380826,0.009111546120041565,0.17009875756596696,0.01665085395181518,Harry Potter and the Deathly Hallows,"^[^\S
]*([A-Z][^a-z]*)((?:
(?![^\S
]*[A-Z][^a-z
]*$).*)*)$",203859,37,0.802756616432195,Harry Potter and the Deathly Hallows 37.0
